notebook,stage,model,label,params,best_iter,n_features,fit_seconds,macro_f1_mean,macro_f1_std,accuracy_mean,accuracy_std,balanced_accuracy_mean,balanced_accuracy_std,c1_recall_mean,c1_recall_std,c1_precision_mean,c1_precision_std,c1_f1_mean,c1_f1_std,c2_f1_mean,c2_f1_std,c3_recall_mean,c3_recall_std,c3_precision_mean,c3_precision_std,c3_f1_mean,c3_f1_std,c1_as_c3_mean,c1_as_c3_std,macro_auc_ovr_mean,macro_auc_ovr_std,timestamp
06_model_development,baseline_cv,Logistic Regression,baseline,"{""C"": 1.0, ""max_iter"": 300, ""alpha"": 1.0}",,38033,6.0,0.7509,0.0012,0.8163,0.0104,0.827,0.0084,0.8609,0.0127,0.7958,0.0161,0.8269,0.0051,0.829,0.0194,0.8399,0.0099,0.4635,0.0192,0.597,0.0148,0.0105,0.0023,0.9412,0.0054,2026-10-04T13:00:52
06_model_development,baseline_cv,Linear SVM,baseline,"{""C"": 1.0, ""alpha"": 1.0}",,38033,11.2,0.7633,0.005,0.8251,0.0087,0.7834,0.01,0.8275,0.003,0.8124,0.0094,0.8198,0.0037,0.8437,0.0146,0.6905,0.0282,0.5732,0.0063,0.6262,0.0138,0.0055,0.0024,0.9365,0.0054,2026-10-04T13:01:26
06_model_development,baseline_cv,Random Forest,baseline,"{""n_estimators"": 200, ""max_depth"": null, ""min_samples_leaf"": 1, ""max_features"": ""sqrt"", ""k"": 5000, ""alpha"": 1.0}",,5000,16.8,0.7713,0.0053,0.8247,0.0101,0.7827,0.0112,0.8635,0.0029,0.784,0.0085,0.8218,0.0046,0.839,0.017,0.6791,0.0169,0.631,0.0366,0.6531,0.0138,0.003,0.0011,0.9377,0.0056,2026-10-04T13:02:17
06_model_development,baseline_cv,LightGBM,baseline,"{""n_estimators"": 300, ""learning_rate"": 0.1, ""num_leaves"": 31, ""min_child_samples"": 20, ""colsample_bytree"": 1.0, ""subsample"": 1.0, ""reg_lambda"": 0.0, ""k"": 5000, ""alpha"": 1.0}",300.0,5000,24.0,0.7585,0.0039,0.82,0.0103,0.788,0.0194,0.8507,0.0103,0.7922,0.0034,0.8204,0.0066,0.8352,0.018,0.7085,0.0411,0.5561,0.0496,0.6199,0.0167,0.0059,0.0017,0.9415,0.0061,2026-10-04T13:03:30
06_model_development,baseline_cv,XGBoost,baseline,"{""n_estimators"": 300, ""learning_rate"": 0.1, ""max_depth"": 6, ""min_child_weight"": 1, ""subsample"": 0.8, ""colsample_bytree"": 0.5, ""reg_lambda"": 1.0, ""k"": 5000, ""alpha"": 1.0}",300.0,5000,69.6,0.7426,0.011,0.8048,0.01,0.8154,0.0165,0.8745,0.0031,0.7668,0.0073,0.8171,0.0047,0.8149,0.0209,0.8202,0.0365,0.4732,0.0625,0.5959,0.0398,0.0109,0.0036,0.9381,0.0048,2026-10-04T13:07:00
07_model_optimization,baseline_cv,Logistic Regression,baseline,"{""C"": 1.0, ""max_iter"": 300, ""alpha"": 1.0}",,38033,6.0,0.7509,0.0012,0.8163,0.0104,0.827,0.0084,0.8609,0.0127,0.7958,0.0161,0.8269,0.0051,0.829,0.0194,0.8399,0.0099,0.4635,0.0192,0.597,0.0148,0.0105,0.0023,0.9412,0.0054,2026-10-04T13:12:28
07_model_optimization,baseline_cv,Linear SVM,baseline,"{""C"": 1.0, ""alpha"": 1.0}",,38033,11.2,0.7633,0.005,0.8251,0.0087,0.7834,0.01,0.8275,0.003,0.8124,0.0094,0.8198,0.0037,0.8437,0.0146,0.6905,0.0282,0.5732,0.0063,0.6262,0.0138,0.0055,0.0024,0.9365,0.0054,2026-10-04T13:12:28
07_model_optimization,baseline_cv,Random Forest,baseline,"{""n_estimators"": 200, ""max_depth"": null, ""min_samples_leaf"": 1, ""max_features"": ""sqrt"", ""k"": 5000, ""alpha"": 1.0}",,5000,16.8,0.7713,0.0053,0.8247,0.0101,0.7827,0.0112,0.8635,0.0029,0.784,0.0085,0.8218,0.0046,0.839,0.017,0.6791,0.0169,0.631,0.0366,0.6531,0.0138,0.003,0.0011,0.9377,0.0056,2026-10-04T13:12:28
07_model_optimization,baseline_cv,LightGBM,baseline,"{""n_estimators"": 300, ""learning_rate"": 0.1, ""num_leaves"": 31, ""min_child_samples"": 20, ""colsample_bytree"": 1.0, ""subsample"": 1.0, ""reg_lambda"": 0.0, ""k"": 5000, ""alpha"": 1.0}",300.0,5000,24.0,0.7585,0.0039,0.82,0.0103,0.788,0.0194,0.8507,0.0103,0.7922,0.0034,0.8204,0.0066,0.8352,0.018,0.7085,0.0411,0.5561,0.0496,0.6199,0.0167,0.0059,0.0017,0.9415,0.0061,2026-10-04T13:12:28
07_model_optimization,baseline_cv,XGBoost,baseline,"{""n_estimators"": 300, ""learning_rate"": 0.1, ""max_depth"": 6, ""min_child_weight"": 1, ""subsample"": 0.8, ""colsample_bytree"": 0.5, ""reg_lambda"": 1.0, ""k"": 5000, ""alpha"": 1.0}",300.0,5000,69.6,0.7426,0.011,0.8048,0.01,0.8154,0.0165,0.8745,0.0031,0.7668,0.0073,0.8171,0.0047,0.8149,0.0209,0.8202,0.0365,0.4732,0.0625,0.5959,0.0398,0.0109,0.0036,0.9381,0.0048,2026-10-04T13:12:28
07_model_optimization,random_search,Logistic Regression,trial 1,"{""C"": 0.5489074229320225, ""max_iter"": 300, ""alpha"": 0.5}",,38033,5.0,0.7702,0.0056,0.8272,0.0097,0.7994,0.0126,0.8415,0.0099,0.8094,0.0125,0.825,0.0033,0.8429,0.0167,0.7345,0.0248,0.5722,0.0215,0.6427,0.0131,0.0033,0.0001,0.9425,0.0057,2026-10-04T13:12:43
07_model_optimization,random_search,Logistic Regression,trial 2,"{""C"": 0.1616514465072348, ""max_iter"": 300, ""alpha"": 0.5}",,38033,3.1,0.7617,0.0055,0.8181,0.0107,0.7879,0.0146,0.8351,0.012,0.7955,0.0129,0.8147,0.0025,0.8344,0.0181,0.717,0.0293,0.5734,0.0249,0.6362,0.0094,0.003,0.0,0.9341,0.0076,2026-10-04T13:12:53
07_model_optimization,random_search,Logistic Regression,trial 3,"{""C"": 2.2756738390474776, ""max_iter"": 300, ""alpha"": 0.75}",,38033,6.7,0.7672,0.0029,0.8266,0.0084,0.8094,0.0095,0.8454,0.0085,0.8098,0.011,0.8271,0.0041,0.8421,0.0155,0.7667,0.0161,0.5387,0.0131,0.6325,0.0055,0.0055,0.001,0.9436,0.0049,2026-10-04T13:13:13
07_model_optimization,random_search,Logistic Regression,trial 4,"{""C"": 0.13562706888337656, ""max_iter"": 300, ""alpha"": 1.0}",,38033,3.4,0.7098,0.0049,0.7842,0.015,0.8209,0.0101,0.8623,0.0195,0.7629,0.0248,0.809,0.007,0.7936,0.0276,0.8829,0.0055,0.3758,0.0223,0.5268,0.0213,0.0211,0.0046,0.9257,0.0087,2026-10-04T13:13:23
07_model_optimization,random_search,Logistic Regression,trial 5,"{""C"": 0.943697680900179, ""max_iter"": 300, ""alpha"": 0.5}",,38033,6.2,0.7719,0.0047,0.8296,0.0089,0.7994,0.0113,0.8408,0.0093,0.8138,0.0112,0.827,0.0039,0.8456,0.0157,0.73,0.0226,0.5756,0.0209,0.6431,0.0116,0.0033,0.0002,0.944,0.0052,2026-10-04T13:13:42
07_model_optimization,random_search,Logistic Regression,trial 6,"{""C"": 2.338613357040122, ""max_iter"": 300, ""alpha"": 1.0}",,38033,7.5,0.7613,0.002,0.823,0.0092,0.8211,0.0095,0.8544,0.0097,0.8036,0.0111,0.8281,0.0035,0.8372,0.0172,0.8093,0.014,0.501,0.0176,0.6185,0.0113,0.0081,0.0017,0.9427,0.0051,2026-10-04T13:14:04
07_model_optimization,random_search,Linear SVM,trial 1,"{""C"": 0.13063618059207688, ""alpha"": 0.5}",,38033,6.1,0.7756,0.0072,0.8331,0.0093,0.7815,0.0075,0.8324,0.0059,0.8199,0.0098,0.826,0.0034,0.8507,0.0152,0.6679,0.0115,0.6332,0.0209,0.65,0.0154,0.0022,0.0004,0.9428,0.0055,2026-10-04T13:14:23
07_model_optimization,random_search,Linear SVM,trial 2,"{""C"": 0.050141906012678136, ""alpha"": 0.5}",,38033,4.8,0.7696,0.0085,0.828,0.0107,0.7721,0.0101,0.8255,0.005,0.8144,0.0078,0.8199,0.0025,0.8463,0.0169,0.6493,0.0161,0.6362,0.0229,0.6425,0.016,0.0019,0.0006,0.9397,0.0064,2026-10-04T13:14:37
07_model_optimization,random_search,Linear SVM,trial 3,"{""C"": 0.39795173944155043, ""alpha"": 0.75}",,38033,8.6,0.7708,0.0067,0.8296,0.0086,0.7892,0.0101,0.8332,0.0057,0.8159,0.0094,0.8244,0.0031,0.8472,0.0144,0.699,0.0242,0.5915,0.0108,0.6407,0.0162,0.004,0.0008,0.9413,0.0053,2026-10-04T13:15:03
07_model_optimization,random_search,Linear SVM,trial 4,"{""C"": 0.04370069137157274, ""alpha"": 1.0}",,38033,4.9,0.7553,0.0052,0.8171,0.011,0.8097,0.0114,0.8425,0.0109,0.7996,0.0101,0.8203,0.0025,0.8323,0.0193,0.7875,0.0188,0.5026,0.0102,0.6134,0.0083,0.007,0.0013,0.9387,0.0067,2026-10-04T13:15:18
07_model_optimization,random_search,Linear SVM,trial 5,"{""C"": 0.19970893477607088, ""alpha"": 0.5}",,38033,7.4,0.7768,0.0072,0.8334,0.0093,0.7829,0.0082,0.8316,0.0062,0.8206,0.0091,0.826,0.0029,0.8511,0.0151,0.6719,0.0135,0.636,0.0169,0.6534,0.0144,0.0022,0.0003,0.9428,0.0053,2026-10-04T13:15:40
07_model_optimization,random_search,Linear SVM,trial 6,"{""C"": 0.4065473348912502, ""alpha"": 1.0}",,38033,8.4,0.768,0.0059,0.8285,0.0091,0.7977,0.0104,0.8393,0.0056,0.8134,0.01,0.8261,0.0031,0.8456,0.0152,0.7268,0.0248,0.56,0.008,0.6325,0.0138,0.0058,0.0018,0.9412,0.0053,2026-10-04T13:16:05
07_model_optimization,random_search,Random Forest,trial 1,"{""n_estimators"": 150, ""max_depth"": null, ""min_samples_leaf"": 4, ""max_features"": ""sqrt"", ""k"": 5000, ""alpha"": 0.5}",,5000,5.8,0.7657,0.0041,0.8205,0.0083,0.7863,0.0124,0.8372,0.0047,0.7954,0.0061,0.8158,0.0052,0.837,0.0155,0.7065,0.0262,0.5953,0.0434,0.6443,0.0155,0.0026,0.0008,0.9368,0.0057,2026-10-04T13:16:23
07_model_optimization,random_search,Random Forest,trial 2,"{""n_estimators"": 150, ""max_depth"": 60, ""min_samples_leaf"": 2, ""max_features"": ""sqrt"", ""k"": 5000, ""alpha"": 1.0}",,5000,5.0,0.7204,0.0124,0.7728,0.0289,0.798,0.0209,0.9146,0.0088,0.7047,0.0373,0.7953,0.0219,0.7675,0.0447,0.8163,0.015,0.4734,0.035,0.5984,0.0277,0.0083,0.0019,0.9271,0.008,2026-10-04T13:16:39
07_model_optimization,random_search,Random Forest,trial 3,"{""n_estimators"": 150, ""max_depth"": 30, ""min_samples_leaf"": 1, ""max_features"": ""log2"", ""k"": 5000, ""alpha"": 0.5}",,5000,1.2,0.7222,0.0102,0.7956,0.0114,0.6891,0.0179,0.7398,0.0442,0.803,0.0236,0.7686,0.0149,0.8252,0.0147,0.4671,0.0319,0.7476,0.0511,0.5726,0.0131,0.0005,0.0005,0.9164,0.0065,2026-10-04T13:16:43
07_model_optimization,random_search,Random Forest,trial 4,"{""n_estimators"": 150, ""max_depth"": null, ""min_samples_leaf"": 1, ""max_features"": ""sqrt"", ""k"": 5000, ""alpha"": 0.5}",,5000,13.9,0.7727,0.0052,0.8308,0.0091,0.7592,0.0121,0.8231,0.0077,0.8158,0.0065,0.8194,0.0057,0.8503,0.014,0.6024,0.0232,0.705,0.0338,0.6485,0.0051,0.002,0.0009,0.9413,0.0048,2026-10-04T13:17:25
07_model_optimization,random_search,LightGBM,trial 1,"{""n_estimators"": 400, ""learning_rate"": 0.11463060165621877, ""num_leaves"": 127, ""min_child_samples"": 20, ""colsample_bytree"": 0.8, ""subsample"": 0.7, ""reg_lambda"": 10.0, ""k"": 5000, ""alpha"": 1.0}",400.0,5000,64.9,0.7669,0.0049,0.8255,0.0107,0.7649,0.0134,0.822,0.0061,0.8117,0.01,0.8168,0.0079,0.844,0.0158,0.6316,0.0252,0.6506,0.0331,0.6397,0.0093,0.0021,0.0002,0.9414,0.0063,2026-10-04T13:20:46
07_model_optimization,random_search,LightGBM,trial 2,"{""n_estimators"": 400, ""learning_rate"": 0.04916087105247033, ""num_leaves"": 127, ""min_child_samples"": 20, ""colsample_bytree"": 0.3, ""subsample"": 1.0, ""reg_lambda"": 5.0, ""k"": 5000, ""alpha"": 1.0}",300.0,5000,44.0,0.774,0.0019,0.8294,0.0091,0.7897,0.0167,0.8488,0.0078,0.8047,0.0075,0.8261,0.0076,0.8446,0.0154,0.6965,0.0356,0.6169,0.0544,0.6511,0.0161,0.0029,0.0011,0.9459,0.0051,2026-10-04T13:23:05
07_model_optimization,random_search,LightGBM,trial 3,"{""n_estimators"": 400, ""learning_rate"": 0.08853577710417883, ""num_leaves"": 127, ""min_child_samples"": 50, ""colsample_bytree"": 0.3, ""subsample"": 0.7, ""reg_lambda"": 1.0, ""k"": 5000, ""alpha"": 1.0}",200.0,5000,38.7,0.7672,0.0029,0.8249,0.0102,0.7725,0.0165,0.8374,0.0098,0.8021,0.0107,0.8194,0.0102,0.8416,0.0151,0.6527,0.0333,0.634,0.0476,0.6407,0.0103,0.0022,0.0008,0.9424,0.0066,2026-10-04T13:25:09
07_model_optimization,random_search,LightGBM,trial 4,"{""n_estimators"": 400, ""learning_rate"": 0.10387471898132457, ""num_leaves"": 63, ""min_child_samples"": 10, ""colsample_bytree"": 0.5, ""subsample"": 0.7, ""reg_lambda"": 1.0, ""k"": 5000, ""alpha"": 1.0}",300.0,5000,43.2,0.77,0.0002,0.8268,0.0091,0.7774,0.0127,0.8367,0.0109,0.8058,0.008,0.8209,0.0089,0.8436,0.0146,0.665,0.0226,0.631,0.0495,0.6455,0.0166,0.0028,0.0011,0.9428,0.0057,2026-10-04T13:27:24
07_model_optimization,random_search,LightGBM,trial 5,"{""n_estimators"": 400, ""learning_rate"": 0.05980046372439264, ""num_leaves"": 31, ""min_child_samples"": 10, ""colsample_bytree"": 0.3, ""subsample"": 0.7, ""reg_lambda"": 10.0, ""k"": 5000, ""alpha"": 1.0}",400.0,5000,21.8,0.7536,0.0074,0.8148,0.0067,0.8074,0.0156,0.8587,0.0057,0.7862,0.0087,0.8208,0.0068,0.8279,0.0157,0.7795,0.0383,0.5097,0.0628,0.612,0.0344,0.0077,0.0029,0.9404,0.005,2026-10-04T13:28:33
07_model_optimization,random_search,LightGBM,trial 6,"{""n_estimators"": 400, ""learning_rate"": 0.08003815239954902, ""num_leaves"": 63, ""min_child_samples"": 20, ""colsample_bytree"": 0.3, ""subsample"": 1.0, ""reg_lambda"": 10.0, ""k"": 5000, ""alpha"": 1.0}",400.0,5000,30.7,0.7693,0.0001,0.8258,0.0084,0.789,0.0163,0.847,0.0056,0.801,0.0064,0.8233,0.006,0.841,0.015,0.7016,0.0369,0.5997,0.0506,0.6436,0.0154,0.0032,0.0008,0.9439,0.0055,2026-10-04T13:30:10
07_model_optimization,random_search,LightGBM,trial 7,"{""n_estimators"": 400, ""learning_rate"": 0.04508903263439735, ""num_leaves"": 127, ""min_child_samples"": 10, ""colsample_bytree"": 0.5, ""subsample"": 1.0, ""reg_lambda"": 10.0, ""k"": 5000, ""alpha"": 1.0}",300.0,5000,70.8,0.7731,0.0021,0.8281,0.0093,0.7936,0.0186,0.8499,0.0081,0.8026,0.0085,0.8255,0.0083,0.8431,0.0154,0.7113,0.0407,0.6051,0.0498,0.6508,0.0131,0.0035,0.0011,0.9454,0.0052,2026-10-04T13:33:50
07_model_optimization,random_search,LightGBM,trial 8,"{""n_estimators"": 400, ""learning_rate"": 0.0425328006557355, ""num_leaves"": 127, ""min_child_samples"": 20, ""colsample_bytree"": 0.3, ""subsample"": 0.7, ""reg_lambda"": 0.0, ""k"": 5000, ""alpha"": 1.0}",300.0,5000,44.9,0.7695,0.0037,0.8279,0.0096,0.7754,0.0184,0.8446,0.0099,0.8034,0.0064,0.8235,0.0077,0.844,0.0154,0.6543,0.0404,0.6356,0.0562,0.6412,0.0099,0.0025,0.001,0.9452,0.0053,2026-10-04T13:36:13
07_model_optimization,random_search,XGBoost,trial 1,"{""n_estimators"": 300, ""learning_rate"": 0.15084699674171043, ""max_depth"": 8, ""min_child_weight"": 5, ""subsample"": 0.7, ""colsample_bytree"": 0.8, ""reg_lambda"": 1.0, ""k"": 5000, ""alpha"": 1.0}",300.0,5000,98.9,0.7548,0.0059,0.8163,0.0083,0.7981,0.0168,0.8611,0.0051,0.7842,0.0087,0.8208,0.0069,0.8297,0.0168,0.7457,0.0379,0.5273,0.0594,0.6138,0.0279,0.0068,0.0021,0.941,0.0055,2026-10-04T13:41:11
07_model_optimization,random_search,XGBoost,trial 2,"{""n_estimators"": 300, ""learning_rate"": 0.09276583704396676, ""max_depth"": 8, ""min_child_weight"": 5, ""subsample"": 0.7, ""colsample_bytree"": 0.8, ""reg_lambda"": 10.0, ""k"": 5000, ""alpha"": 1.0}",300.0,5000,114.3,0.7434,0.0071,0.8063,0.0075,0.811,0.0157,0.8649,0.0038,0.7725,0.01,0.8161,0.0067,0.8183,0.0173,0.8058,0.0374,0.4774,0.0568,0.5958,0.035,0.0106,0.0029,0.9378,0.0056,2026-10-04T13:46:55
07_model_optimization,random_search,XGBoost,trial 3,"{""n_estimators"": 300, ""learning_rate"": 0.05144736127521129, ""max_depth"": 6, ""min_child_weight"": 3, ""subsample"": 0.85, ""colsample_bytree"": 0.8, ""reg_lambda"": 5.0, ""k"": 5000, ""alpha"": 1.0}",300.0,5000,89.3,0.7194,0.0112,0.7837,0.0111,0.812,0.0117,0.8767,0.0049,0.7412,0.0075,0.8032,0.004,0.7903,0.0243,0.8503,0.0195,0.4256,0.0503,0.5647,0.04,0.0151,0.002,0.93,0.0056,2026-10-04T13:51:24
07_model_optimization,random_search,XGBoost,trial 4,"{""n_estimators"": 300, ""learning_rate"": 0.11768765698386999, ""max_depth"": 6, ""min_child_weight"": 3, ""subsample"": 0.7, ""colsample_bytree"": 0.3, ""reg_lambda"": 1.0, ""k"": 5000, ""alpha"": 1.0}",300.0,5000,54.3,0.744,0.0113,0.8055,0.0102,0.8129,0.0173,0.8741,0.0055,0.767,0.0065,0.817,0.0036,0.8155,0.0211,0.8111,0.0392,0.481,0.0631,0.5994,0.0387,0.0099,0.0038,0.9382,0.0051,2026-10-04T13:54:08
07_model_optimization,feature_count_k,LightGBM(probe),k=1000,"{""n_estimators"": 150, ""learning_rate"": 0.1, ""num_leaves"": 31, ""min_child_samples"": 20, ""colsample_bytree"": 0.5, ""subsample"": 1.0, ""reg_lambda"": 1.0, ""k"": 1000, ""alpha"": 1.0}",150.0,1000,3.9,0.7245,0.0156,0.7891,0.0116,0.7958,0.016,0.8443,0.0059,0.7574,0.0066,0.7985,0.0018,0.8031,0.0214,0.7961,0.0357,0.4523,0.0694,0.5718,0.0461,0.0147,0.0048,0.9298,0.0065,2026-10-04T13:54:22
07_model_optimization,feature_count_k,LightGBM(probe),k=2500,"{""n_estimators"": 150, ""learning_rate"": 0.1, ""num_leaves"": 31, ""min_child_samples"": 20, ""colsample_bytree"": 0.5, ""subsample"": 1.0, ""reg_lambda"": 1.0, ""k"": 2500, ""alpha"": 1.0}",150.0,2500,7.5,0.7461,0.0125,0.8088,0.0075,0.8112,0.0125,0.8607,0.0029,0.7775,0.0073,0.817,0.0042,0.8219,0.0173,0.8027,0.03,0.4843,0.0693,0.5995,0.0459,0.0112,0.0044,0.9395,0.0049,2026-10-04T13:54:45
07_model_optimization,feature_count_k,LightGBM(probe),k=5000,"{""n_estimators"": 150, ""learning_rate"": 0.1, ""num_leaves"": 31, ""min_child_samples"": 20, ""colsample_bytree"": 0.5, ""subsample"": 1.0, ""reg_lambda"": 1.0, ""k"": 5000, ""alpha"": 1.0}",150.0,5000,11.7,0.7501,0.0099,0.813,0.0085,0.8154,0.0159,0.8652,0.0054,0.7829,0.0041,0.822,0.0044,0.8254,0.0185,0.8069,0.0374,0.4864,0.0585,0.603,0.0353,0.0101,0.0034,0.9415,0.0046,2026-10-04T13:55:21
07_model_optimization,feature_count_k,LightGBM(probe),k=10000,"{""n_estimators"": 150, ""learning_rate"": 0.1, ""num_leaves"": 31, ""min_child_samples"": 20, ""colsample_bytree"": 0.5, ""subsample"": 1.0, ""reg_lambda"": 1.0, ""k"": 10000, ""alpha"": 1.0}",150.0,10000,15.7,0.7526,0.0099,0.8152,0.0068,0.8149,0.0164,0.8642,0.005,0.7865,0.0066,0.8235,0.0052,0.8278,0.0163,0.8009,0.042,0.4941,0.0635,0.6065,0.037,0.0089,0.0032,0.9415,0.0046,2026-10-04T13:56:09
07_model_optimization,feature_count_k,LightGBM(probe),k=20000,"{""n_estimators"": 150, ""learning_rate"": 0.1, ""num_leaves"": 31, ""min_child_samples"": 20, ""colsample_bytree"": 0.5, ""subsample"": 1.0, ""reg_lambda"": 1.0, ""k"": 20000, ""alpha"": 1.0}",150.0,20000,19.0,0.7541,0.0102,0.8159,0.006,0.8152,0.0154,0.863,0.0057,0.7875,0.0065,0.8235,0.0054,0.8288,0.0156,0.8012,0.0422,0.4993,0.0666,0.6102,0.0392,0.0086,0.0034,0.9418,0.0041,2026-10-04T13:57:07
07_model_optimization,feature_group_ablation,LightGBM(probe),"without building history (BIN_PRIOR_*, days since prev)","{""n_estimators"": 150, ""learning_rate"": 0.1, ""num_leaves"": 31, ""min_child_samples"": 20, ""colsample_bytree"": 0.5, ""subsample"": 1.0, ""reg_lambda"": 1.0, ""k"": 5000, ""alpha"": 1.0}",150.0,4997,12.3,0.7506,0.0113,0.813,0.0085,0.8146,0.0155,0.8638,0.007,0.7832,0.0055,0.8215,0.0044,0.8254,0.0187,0.8049,0.0375,0.4901,0.0644,0.6048,0.0395,0.0096,0.0036,0.9411,0.0047,2026-10-04T13:57:45
07_model_optimization,feature_group_ablation,LightGBM(probe),"without calendar (month, weekday, weekend)","{""n_estimators"": 150, ""learning_rate"": 0.1, ""num_leaves"": 31, ""min_child_samples"": 20, ""colsample_bytree"": 0.5, ""subsample"": 1.0, ""reg_lambda"": 1.0, ""k"": 5000, ""alpha"": 1.0}",150.0,4982,10.8,0.7502,0.0099,0.8135,0.0086,0.8145,0.0162,0.8658,0.0054,0.7835,0.0043,0.8226,0.004,0.8257,0.0186,0.8031,0.04,0.4871,0.06,0.6022,0.0353,0.0098,0.0031,0.9413,0.0046,2026-10-04T13:58:18
07_model_optimization,feature_group_ablation,LightGBM(probe),without respondent type,"{""n_estimators"": 150, ""learning_rate"": 0.1, ""num_leaves"": 31, ""min_child_samples"": 20, ""colsample_bytree"": 0.5, ""subsample"": 1.0, ""reg_lambda"": 1.0, ""k"": 5000, ""alpha"": 1.0}",150.0,4996,11.3,0.75,0.0095,0.8131,0.0082,0.8143,0.0171,0.8651,0.0052,0.7833,0.0062,0.8222,0.0049,0.8255,0.018,0.8031,0.0413,0.4876,0.0619,0.6023,0.0367,0.0094,0.0036,0.9411,0.0048,2026-10-04T13:58:53
07_model_optimization,feature_group_ablation,LightGBM(probe),without DOB unit + DOB-violation flag,"{""n_estimators"": 150, ""learning_rate"": 0.1, ""num_leaves"": 31, ""min_child_samples"": 20, ""colsample_bytree"": 0.5, ""subsample"": 1.0, ""reg_lambda"": 1.0, ""k"": 5000, ""alpha"": 1.0}",150.0,4978,11.5,0.7478,0.0089,0.8104,0.0076,0.8119,0.0169,0.8619,0.0069,0.7798,0.007,0.8188,0.0057,0.823,0.0176,0.8016,0.0422,0.487,0.061,0.6014,0.0354,0.0098,0.003,0.9395,0.0048,2026-10-04T13:59:28
07_model_optimization,feature_group_ablation,LightGBM(probe),without violation type + borough,"{""n_estimators"": 150, ""learning_rate"": 0.1, ""num_leaves"": 31, ""min_child_samples"": 20, ""colsample_bytree"": 0.5, ""subsample"": 1.0, ""reg_lambda"": 1.0, ""k"": 5000, ""alpha"": 1.0}",150.0,4984,12.1,0.7375,0.0116,0.8043,0.0079,0.804,0.0172,0.8634,0.0061,0.7733,0.0075,0.8159,0.0062,0.8164,0.0183,0.7875,0.0427,0.4659,0.0669,0.5803,0.0408,0.0107,0.0035,0.9364,0.0049,2026-10-04T14:00:05
07_model_optimization,feature_group_ablation,LightGBM(probe),without aggravation level + text length,"{""n_estimators"": 150, ""learning_rate"": 0.1, ""num_leaves"": 31, ""min_child_samples"": 20, ""colsample_bytree"": 0.5, ""subsample"": 1.0, ""reg_lambda"": 1.0, ""k"": 5000, ""alpha"": 1.0}",150.0,4999,11.7,0.7478,0.0101,0.8094,0.0084,0.8134,0.0144,0.8637,0.004,0.7771,0.0045,0.8181,0.0041,0.8215,0.0189,0.8079,0.0334,0.4872,0.0612,0.6039,0.039,0.0099,0.0041,0.9391,0.0046,2026-10-04T14:00:41
07_model_optimization,feature_group_ablation,LightGBM(probe),TEXT ONLY (all structured removed),"{""n_estimators"": 150, ""learning_rate"": 0.1, ""num_leaves"": 31, ""min_child_samples"": 20, ""colsample_bytree"": 0.5, ""subsample"": 1.0, ""reg_lambda"": 1.0, ""k"": 5000, ""alpha"": 1.0}",150.0,4936,11.0,0.7342,0.0128,0.797,0.0095,0.801,0.018,0.8535,0.0049,0.764,0.0075,0.8063,0.005,0.8096,0.0201,0.7949,0.0422,0.4719,0.0711,0.5867,0.0444,0.0113,0.0044,0.9313,0.0051,2026-10-04T14:01:15
07_model_optimization,feature_group_ablation,LightGBM(probe),STRUCTURED ONLY (all text removed),"{""n_estimators"": 150, ""learning_rate"": 0.1, ""num_leaves"": 31, ""min_child_samples"": 20, ""colsample_bytree"": 0.5, ""subsample"": 1.0, ""reg_lambda"": 1.0, ""k"": 5000, ""alpha"": 1.0}",150.0,64,0.8,0.4524,0.0159,0.5347,0.0366,0.5862,0.0256,0.5246,0.0757,0.5935,0.0489,0.5497,0.0256,0.5973,0.075,0.7116,0.0415,0.1233,0.006,0.21,0.0092,0.1995,0.0182,0.7524,0.0238,2026-10-04T14:01:18
07_model_optimization,class_weight_alpha,LightGBM(probe),alpha=0.0,"{""n_estimators"": 150, ""learning_rate"": 0.1, ""num_leaves"": 31, ""min_child_samples"": 20, ""colsample_bytree"": 0.5, ""subsample"": 1.0, ""reg_lambda"": 1.0, ""k"": 20000, ""alpha"": 0.0}",150.0,20000,19.4,0.7618,0.0018,0.8295,0.0085,0.738,0.004,0.8053,0.0077,0.8273,0.0066,0.8162,0.0056,0.8509,0.0132,0.5418,0.0105,0.7213,0.0277,0.6185,0.0134,0.0014,0.0003,0.9448,0.0052,2026-10-04T14:02:17
07_model_optimization,class_weight_alpha,LightGBM(probe),alpha=0.5,"{""n_estimators"": 150, ""learning_rate"": 0.1, ""num_leaves"": 31, ""min_child_samples"": 20, ""colsample_bytree"": 0.5, ""subsample"": 1.0, ""reg_lambda"": 1.0, ""k"": 20000, ""alpha"": 0.5}",150.0,20000,18.8,0.7697,0.0065,0.8264,0.0086,0.7893,0.0154,0.8393,0.0036,0.8064,0.004,0.8225,0.0038,0.8428,0.0155,0.7035,0.0354,0.599,0.0574,0.6439,0.021,0.0033,0.0011,0.9443,0.0047,2026-10-04T14:03:14
07_model_optimization,class_weight_alpha,LightGBM(probe),alpha=0.75,"{""n_estimators"": 150, ""learning_rate"": 0.1, ""num_leaves"": 31, ""min_child_samples"": 20, ""colsample_bytree"": 0.5, ""subsample"": 1.0, ""reg_lambda"": 1.0, ""k"": 20000, ""alpha"": 0.75}",150.0,20000,19.6,0.7642,0.0059,0.8219,0.0088,0.8055,0.0161,0.8533,0.0031,0.7959,0.0062,0.8236,0.0047,0.836,0.0167,0.761,0.0388,0.5474,0.0596,0.6328,0.0265,0.0052,0.0019,0.9433,0.0045,2026-10-04T14:04:14
07_model_optimization,class_weight_alpha,LightGBM(probe),alpha=1.0,"{""n_estimators"": 150, ""learning_rate"": 0.1, ""num_leaves"": 31, ""min_child_samples"": 20, ""colsample_bytree"": 0.5, ""subsample"": 1.0, ""reg_lambda"": 1.0, ""k"": 20000, ""alpha"": 1.0}",150.0,20000,18.6,0.7541,0.0102,0.8159,0.006,0.8152,0.0154,0.863,0.0057,0.7875,0.0065,0.8235,0.0054,0.8288,0.0156,0.8012,0.0422,0.4993,0.0666,0.6102,0.0392,0.0086,0.0034,0.9418,0.0041,2026-10-04T14:05:10
07_model_optimization,adopted_k_alpha,LightGBM,"k=20000, alpha=0.75","{""n_estimators"": 300, ""learning_rate"": 0.04916087105247033, ""num_leaves"": 127, ""min_child_samples"": 20, ""colsample_bytree"": 0.3, ""subsample"": 1.0, ""reg_lambda"": 5.0, ""k"": 20000, ""alpha"": 0.75}",300.0,20000,56.2,0.7748,0.0037,0.8333,0.009,0.7771,0.0181,0.8422,0.0047,0.8142,0.0068,0.8279,0.0055,0.8498,0.0146,0.6498,0.0423,0.6497,0.0495,0.6465,0.0049,0.0022,0.0008,0.9475,0.0048,2026-10-04T14:08:02
07_model_optimization,adopted_k_alpha,XGBoost,"k=20000, alpha=0.75","{""n_estimators"": 300, ""learning_rate"": 0.15084699674171043, ""max_depth"": 8, ""min_child_weight"": 5, ""subsample"": 0.7, ""colsample_bytree"": 0.8, ""reg_lambda"": 1.0, ""k"": 20000, ""alpha"": 0.75}",300.0,20000,229.4,0.7654,0.0034,0.8235,0.0082,0.7891,0.0163,0.8495,0.0039,0.7964,0.0062,0.8221,0.0051,0.8387,0.0155,0.706,0.0405,0.5845,0.0589,0.6356,0.018,0.0039,0.0012,0.9427,0.0055,2026-10-04T14:19:32
07_model_optimization,adopted_k_alpha,Random Forest,"k=20000, alpha=0.75","{""n_estimators"": 150, ""max_depth"": null, ""min_samples_leaf"": 1, ""max_features"": ""sqrt"", ""k"": 20000, ""alpha"": 0.75}",,20000,17.3,0.7723,0.0024,0.8291,0.0083,0.77,0.0098,0.8507,0.005,0.7973,0.0054,0.8232,0.0033,0.8453,0.0149,0.6332,0.0206,0.6668,0.0321,0.6485,0.0054,0.002,0.0006,0.9393,0.0041,2026-10-04T14:20:24
07_model_optimization,final_candidate_confirmation,Logistic Regression,Logistic Regression [tuned],"{""C"": 0.943697680900179, ""max_iter"": 300, ""alpha"": 0.5}",,38033,6.7,0.7719,0.0047,0.8296,0.0089,0.7994,0.0113,0.8408,0.0093,0.8138,0.0112,0.827,0.0039,0.8456,0.0157,0.73,0.0226,0.5756,0.0209,0.6431,0.0116,0.0033,0.0002,0.944,0.0052,2026-10-04T14:22:17
