variant,macro_f1,c1_recall,c3_recall,n_features,change vs all
ALL features (reference),0.75012,0.86519,0.80687,5000,0.0
"without building history (BIN_PRIOR_*, days since prev)",0.75055,0.86378,0.80485,4997,0.00043
"without calendar (month, weekday, weekend)",0.75016,0.86576,0.80309,4982,4e-05
without respondent type,0.74998,0.8651,0.80306,4996,-0.00015
without DOB unit + DOB-violation flag,0.74775,0.86191,0.80162,4978,-0.00237
without violation type + borough,0.73753,0.86341,0.78755,4984,-0.0126
without aggravation level + text length,0.74782,0.8637,0.80786,4999,-0.0023
TEXT ONLY (all structured removed),0.73418,0.85352,0.79488,4936,-0.01594
STRUCTURED ONLY (all text removed),0.45236,0.52456,0.71159,64,-0.29777
