model,trial,C,alpha,trees,cv_macro_f1,cv_macro_f1_std,cv_c1_recall,cv_c3_recall,fit_s_per_fold,n_estimators,min_samples_leaf,max_features,max_depth,colsample_bytree,learning_rate,min_child_samples,num_leaves,reg_lambda,subsample,min_child_weight
Logistic Regression,1,0.5489074229320225,0.5,,0.7701857308659722,0.005627500237900658,0.8415293932488942,0.7344507760787845,5.010037819544475,,,,,,,,,,,
Logistic Regression,2,0.1616514465072348,0.5,,0.7617366342776762,0.005512364988454789,0.8351167449194025,0.7169542888885042,3.1355035305023193,,,,,,,,,,,
Logistic Regression,3,2.2756738390474776,0.75,,0.7672387925094113,0.0028545938443135547,0.8454489694725518,0.7666641129293464,6.669402837753296,,,,,,,,,,,
Logistic Regression,4,0.13562706888337656,1.0,,0.7097743444432573,0.004878094511741837,0.8622948534264877,0.8829080144067416,3.407615820566813,,,,,,,,,,,
Logistic Regression,5,0.943697680900179,0.5,,0.7719167101232735,0.004707387916835491,0.8408153893209819,0.7299724265851312,6.173823197682698,,,,,,,,,,,
Logistic Regression,6,2.338613357040122,1.0,,0.7612529941781109,0.0019805853416561985,0.854447387467783,0.809276671281487,7.484725554784139,,,,,,,,,,,
Linear SVM,1,0.13063618059207688,0.5,,0.7755763556004241,0.007168385025605032,0.8323774013730622,0.6678855867371372,6.071562767028809,,,,,,,,,,,
Linear SVM,2,0.050141906012678136,0.5,,0.7695600701139281,0.008466325031230381,0.8255268014478477,0.6493140410311562,4.792086839675903,,,,,,,,,,,
Linear SVM,3,0.39795173944155043,0.75,,0.7707644974618971,0.006736632847864395,0.8331768801689279,0.6989573180987234,8.596670389175415,,,,,,,,,,,
Linear SVM,4,0.04370069137157274,1.0,,0.7553499121656587,0.005207001760916879,0.8424729854964967,0.7874926096284399,4.8791985511779785,,,,,,,,,,,
Linear SVM,5,0.19970893477607088,0.5,,0.7768222463004393,0.007232428427754352,0.8315955366864066,0.6718558061494896,7.3961466153462725,,,,,,,,,,,
Linear SVM,6,0.4065473348912502,1.0,,0.7680456087684098,0.005867070979053888,0.8392597876203646,0.726802447450042,8.409464359283447,,,,,,,,,,,
Random Forest,1,,0.5,,0.7656686830042281,0.004100957231806681,0.8372278834482058,0.7064607165412552,5.8201904296875,150.0,4.0,sqrt,,,,,,,,
Random Forest,2,,1.0,,0.7203987712085885,0.012358844377825164,0.9145649124409853,0.8162726018051126,5.0279232660929365,150.0,2.0,sqrt,60.0,,,,,,,
Random Forest,3,,0.5,,0.7221505175808453,0.010225171417482201,0.739807701355003,0.4670580864916993,1.1555949846903484,150.0,1.0,log2,30.0,,,,,,,
Random Forest,4,,0.5,,0.7727304751254351,0.005185822107296726,0.8231386999563192,0.6023565210402997,13.857140143712362,150.0,1.0,sqrt,,,,,,,,
LightGBM,1,,,400.0,0.7668514036304792,0.004920392717671654,0.822014843238879,0.631557394196399,64.94760640462239,,,,,0.8,0.11463060165621877,20.0,127.0,10.0,0.7,
LightGBM,2,,,300.0,0.7739688851067124,0.001937303675336978,0.8487728751357816,0.6964885216921176,43.99780146280924,,,,,0.3,0.04916087105247033,20.0,127.0,5.0,1.0,
LightGBM,3,,,200.0,0.7672335997874126,0.002943793784290723,0.8373948661498943,0.6527470174510377,38.745290994644165,,,,,0.3,0.08853577710417883,50.0,127.0,1.0,0.7,
LightGBM,4,,,300.0,0.7700191880637841,0.00018149351011148015,0.8367373307408293,0.6649608425369321,43.151687701543175,,,,,0.5,0.10387471898132457,10.0,63.0,1.0,0.7,
LightGBM,5,,,400.0,0.7535673320351086,0.007447941392316503,0.8586855345036781,0.7794623626839171,21.79929296175639,,,,,0.3,0.05980046372439264,10.0,31.0,10.0,0.7,
LightGBM,6,,,400.0,0.7693432258768907,0.0001321112100493966,0.8470236209252505,0.7016128297094859,30.716070572535198,,,,,0.3,0.08003815239954902,20.0,63.0,10.0,1.0,
LightGBM,7,,,300.0,0.7731420943834122,0.002051775423224321,0.8498775843155296,0.7112616259735703,70.78150089581807,,,,,0.5,0.04508903263439735,10.0,127.0,10.0,1.0,
LightGBM,8,,,300.0,0.7695456588584574,0.0037217942762695403,0.8445834379357113,0.6542589245789,44.8775053024292,,,,,0.3,0.0425328006557355,20.0,127.0,0.0,0.7,
XGBoost,1,,,300.0,0.7547854067052779,0.005861369305670412,0.8611478887820384,0.7456606323481058,98.87844491004944,,,,8.0,0.8,0.15084699674171043,,,1.0,0.7,5.0
XGBoost,2,,,300.0,0.7433863584811111,0.007076199891626062,0.864892270261057,0.805800966279617,114.34418002764384,,,,8.0,0.8,0.09276583704396676,,,10.0,0.7,5.0
XGBoost,3,,,300.0,0.7194433172079706,0.011193957391218177,0.8767365132229901,0.8503046145734604,89.30454309781392,,,,6.0,0.8,0.05144736127521129,,,5.0,0.85,3.0
XGBoost,4,,,300.0,0.743977008319027,0.011343461356161173,0.8740747398690448,0.8111476316253495,54.30277705192566,,,,6.0,0.3,0.11768765698386999,,,1.0,0.7,3.0
