,threshold,auto-handled %,accuracy on auto-handled,Class-1 caught (model alone) %,Class-1 caught (model + human on flagged) %
validation,0.4,99.7506,0.8434,82.9139,83.0695
validation,0.45,99.1587,0.8456,82.9139,83.329
validation,0.5,97.2267,0.8518,82.9139,84.315
validation,0.55,91.8464,0.8703,82.9139,87.2211
validation,0.6,86.1531,0.8889,82.9139,89.8287
validation,0.65,80.9098,0.9035,82.9139,91.7229
validation,0.7,75.3827,0.9182,82.9139,93.4613
validation,0.75,69.4057,0.9354,82.9139,95.3684
validation,0.8,63.3113,0.9509,82.9139,96.8215
validation,0.85,56.3365,0.9664,82.9139,98.1578
validation,0.9,48.2905,0.9805,82.9139,99.04
validation,0.95,37.3294,0.9931,82.9139,99.6627
test,0.4,99.7957,0.8229,86.1147,86.162
test,0.45,99.1389,0.8259,86.1147,86.4341
test,0.5,96.896,0.8329,86.1147,87.3802
test,0.55,90.8631,0.8533,86.1147,89.8995
test,0.6,84.8302,0.8738,86.1147,92.2649
test,0.65,79.1379,0.8897,86.1147,93.9681
test,0.7,73.0271,0.9069,86.1147,95.482
test,0.75,66.7753,0.9258,86.1147,96.6529
test,0.8,60.2754,0.9429,86.1147,97.7292
test,0.85,53.2694,0.9602,86.1147,98.699
test,0.9,44.6628,0.9775,86.1147,99.4441
test,0.95,33.0544,0.991,86.1147,99.7753
